time,temperature,pressure,altitude
0.12,23.43,1011.19,0.04
2.33,23.56,1011.18,-0.03
4.31,23.58,1011.17,-0.04
1.23,23.54,1011.16,-0.09
0.79,23.53,1011.2,-0.1
1.67,23.55,1011.17,-0.12
2.55,23.56,1011.18,-0.15
1.89,23.55,1011.17,-0.17
2.99,23.56,1011.15,-0.21
3.21,23.57,1011.19,-0.22
